<?xml version="1.0" encoding="UTF-8"?>
<ejb-jar version="3.0" xmlns="http://java.sun.com/xml/ns/javaee"
	 xmlns:xsi="http://www.w3.org/2001/XMLSchema-instance"
	 xsi:schemaLocation="http://java.sun.com/xml/ns/javaee http://java.sun.com/xml/ns/javaee/ejb-jar_3_0.xsd">
    <enterprise-beans>
	<session>
	    <display-name>ServiceOVFGAPEL</display-name>
	    <ejb-name>ServiceOVFGAPEL</ejb-name>
	    <mapped-name>ejb/ServiceOvfgapel</mapped-name>
	    <resource-ref>
		<res-ref-name>jdbc/DWHDSXA</res-ref-name>
		<res-type>javax.sql.DataSource</res-type>
		<res-auth>Container</res-auth>
		<res-sharing-scope>Shareable</res-sharing-scope>
	    </resource-ref>
	    <resource-ref>
		<res-ref-name>jdbc/DCXADSTAG</res-ref-name>
		<res-type>javax.sql.DataSource</res-type>
		<res-auth>Container</res-auth>
		<res-sharing-scope>Shareable</res-sharing-scope>
	    </resource-ref>
	</session>
	
	<session>
		<display-name>DaoOvfgapel</display-name>
		<ejb-name>DaoOvfgapel</ejb-name>
		<mapped-name>ejblocal:ejb/daoOvfgapel</mapped-name>
		<resource-ref>
			<res-ref-name>jdbc/ds_solde</res-ref-name>
			<res-type>javax.sql.DataSource</res-type>
			<res-auth>Container</res-auth>
			<res-sharing-scope>Shareable</res-sharing-scope>
		</resource-ref>
	</session>
	
    </enterprise-beans>
</ejb-jar>
