<?xml version="1.0" encoding="UTF-8"?>
<ejb-jar-bnd xmlns="http://websphere.ibm.com/xml/ns/javaee"
	     xmlns:xsi="http://www.w3.org/2001/XMLSchema-instance"
	     xsi:schemaLocation="http://websphere.ibm.com/xml/ns/javaee
	     http://websphere.ibm.com/xml/ns/javaee/ibm-ejb-jar-bnd_1_0.xsd" version="1.0">

    <session name="ServiceOVFGAPEL">
	<interface class="ma.eai.midw.connectors.SynchroneService" binding-name="ejb/ServiceOvfgapel" />
	<resource-ref name="jdbc/DCXADSTAG" binding-name="jdbc/DCXADSTAG" />
	<resource-ref name="jdbc/DWHDSXA" binding-name="jdbc/DWHDSXA" />
    </session>
    
    <session name="DaoOvfgapel">
		<interface class="ma.eai.devbq.ovfgapel.dao.IDaoOvfgapel"		binding-name="ejblocal:ejb/daoOvfgapel" />
		<resource-ref name="jdbc/ds_solde" binding-name="jdbc/ds_solde"/>
	</session>

</ejb-jar-bnd>
